,0,1,2,3,4,5,6,7,8,9,10,11,12,13,14,15,16,17,18,19,20,21,22,23,24,25,26,27,28,29,30,31,32,33,34,35,36,37,38,39,40,41,42,43,44,45,46,47,48,49,50,51,52,53,54,55,56,57,58,59,60,61,62,63
0,[0.],[0.00021282],[0.00999022],[0.],[0.0007644],[0.],[0.],[0.],[3.1590462e-06],[0.],[0.],[0.],[0.],[1.7881393e-07],[0.],[0.],[0.],[0.],[0.],[0.],[0.],[0.],[0.6481512],[0.],[0.],[0.02009624],[0.],[0.],[4.4703484e-07],[0.01178584],[0.7068965],[0.],[0.],[0.],[0.],[0.],[0.00012195],[0.],[0.],[1.1920929e-07],[0.],[0.],[0.00510284],[0.],[0.],[0.],[0.],[0.13361904],[0.],[0.],[0.01416737],[0.],[0.],[0.],[0.02456668],[0.],[0.],[1.1444092e-05],[0.],[0.0006524],[0.],[0.00517797],[0.03300217],[0.]
1,[2.0861626e-07],[0.00969639],[0.00073493],[0.73440444],[0.0041135],[0.],[0.],[0.],[0.13404024],[1.1026859e-06],[2.3841858e-07],[0.],[0.],[0.58348256],[0.],[0.],[0.],[0.],[0.],[0.],[0.],[4.4703484e-07],[4.887581e-06],[0.],[0.08717167],[0.00047785],[0.],[0.],[0.33160722],[0.00066668],[5.722046e-06],[0.],[0.],[6.2584877e-07],[0.00039977],[0.],[0.01405132],[0.],[0.],[0.72941613],[0.02629963],[0.],[2.0861626e-07],[0.00036174],[0.00061315],[1.9460917e-05],[0.],[0.00012791],[0.],[0.],[0.00061142],[4.172325e-07],[0.04106253],[0.],[0.00041777],[0.01059091],[0.],[0.06311232],[0.],[0.00530893],[0.12926096],[0.00115728],[0.00033849],[0.]
2,[0.],[0.634428],[0.532941],[0.00013846],[0.7611569],[0.],[0.],[0.],[0.02515393],[0.],[0.],[0.],[0.],[0.00091225],[0.],[0.],[0.],[0.],[0.],[0.],[0.],[0.],[0.0037787],[0.],[2.592802e-06],[0.42586488],[0.],[0.],[0.00370455],[0.50862277],[0.00494149],[0.],[0.],[0.],[2.682209e-07],[0.],[0.49840537],[0.],[0.],[7.790327e-05],[7.1525574e-07],[0.],[1.0579824e-05],[1.1920929e-07],[1.1920929e-07],[2.9802322e-08],[0.],[0.16554847],[0.],[0.],[0.48698536],[0.],[1.1622906e-06],[0.],[0.39337632],[4.172325e-07],[0.],[0.08532378],[0.],[0.77326435],[4.053116e-06],[0.64255786],[0.3444263],[0.]
3,[0.00333023],[4.917383e-06],[1.3709068e-06],[0.00012439],[3.3080578e-06],[7.1525574e-07],[3.2246113e-05],[0.],[2.1398067e-05],[0.12559292],[0.00986505],[0.],[0.],[5.2273273e-05],[0.],[4.4703484e-07],[0.],[0.],[0.],[1.66893e-06],[2.9802322e-08],[0.01164609],[1.4901161e-07],[4.3213367e-06],[0.00158215],[1.013279e-06],[0.],[0.],[4.979968e-05],[1.3113022e-06],[5.9604645e-08],[0.],[1.1622906e-06],[0.0531756],[0.04327777],[0.],[5.811453e-06],[0.],[0.],[0.00018224],[0.004015],[0.],[0.],[0.0610877],[0.04155245],[0.2989624],[0.00012863],[4.4703484e-07],[4.082918e-06],[0.],[1.1026859e-06],[0.03158513],[0.00234923],[7.1525574e-07],[9.834766e-07],[0.00683704],[0.],[1.3440847e-05],[1.1324883e-06],[2.4735928e-06],[0.00123891],[1.7285347e-06],[8.6426735e-07],[1.4960766e-05]
4,[6.54161e-05],[0.],[0.],[0.],[0.],[0.02042422],[0.00026062],[8.329749e-05],[0.],[2.3066998e-05],[4.1514635e-05],[6.502867e-05],[4.824996e-05],[2.9802322e-08],[0.5570347],[0.00529027],[0.00047141],[5.13196e-05],[0.0050208],[0.00102991],[0.59292144],[5.6236982e-05],[0.],[0.00440153],[1.7881393e-07],[0.],[4.87566e-05],[0.0009689],[0.],[0.],[0.],[0.00204703],[0.00560194],[2.8282404e-05],[1.1920929e-06],[7.301569e-05],[0.],[6.827712e-05],[0.06881768],[0.],[8.940697e-08],[0.00014642],[0.],[7.1525574e-07],[6.556511e-07],[2.2649765e-06],[7.18534e-05],[0.],[0.00224975],[7.0273876e-05],[0.],[3.0428171e-05],[1.7881393e-07],[0.01014218],[0.],[2.3841858e-07],[0.00017947],[0.],[0.00279012],[0.],[1.4901161e-07],[0.],[0.],[0.00049064]
5,[0.],[0.07622939],[0.00616005],[0.20280099],[0.03363973],[0.],[0.],[0.],[0.5660732],[2.0861626e-07],[2.9802322e-08],[0.],[0.],[0.6233927],[0.],[0.],[0.],[0.],[0.],[0.],[0.],[1.4901161e-07],[2.0563602e-05],[0.],[0.00478691],[0.00401306],[0.],[0.],[0.73257464],[0.00559121],[2.69413e-05],[0.],[0.],[1.7881393e-07],[2.0176172e-05],[0.],[0.10723084],[0.],[0.],[0.12529984],[0.00135857],[0.],[5.066395e-07],[1.8239021e-05],[3.0875206e-05],[1.4305115e-06],[0.],[0.00107652],[0.],[0.],[0.00513002],[8.940697e-08],[0.00215214],[0.],[0.00351012],[0.00053889],[0.],[0.36213666],[0.],[0.04304525],[0.00742155],[0.0096705],[0.00284576],[0.]
6,[1.9967556e-06],[0.00041953],[3.156066e-05],[0.17832878],[0.00017706],[0.],[2.3841858e-07],[0.],[0.00659236],[1.0758638e-05],[2.1755695e-06],[0.],[0.],[0.05665544],[0.],[0.],[0.],[0.],[0.],[0.],[0.],[4.5001507e-06],[1.4603138e-06],[2.9802322e-08],[0.7073303],[2.0503998e-05],[0.],[0.],[0.02082705],[2.8580427e-05],[1.6987324e-06],[0.],[0.],[6.0796738e-06],[0.03329927],[0.],[0.00061056],[0.],[0.],[0.241339],[0.69935215],[0.],[5.9604645e-08],[0.03022182],[0.05018896],[0.00166792],[1.1920929e-07],[9.924173e-06],[2.9802322e-08],[0.],[2.6255846e-05],[3.993511e-06],[0.71152115],[0.],[1.8715858e-05],[0.47967446],[0.],[0.00287971],[0.],[0.00022879],[0.68396485],[4.9710274e-05],[1.7225742e-05],[1.1920929e-07]
7,[6.854534e-07],[0.],[0.],[0.],[0.],[0.00021887],[2.771616e-06],[0.41892022],[0.],[2.9802322e-07],[4.7683716e-07],[0.517143],[0.3745026],[0.],[0.00175476],[4.720688e-05],[0.11473653],[0.43025178],[0.01253158],[1.0818243e-05],[0.00150961],[5.662441e-07],[0.],[4.7028065e-05],[0.],[0.],[0.4035291],[0.02781841],[0.],[0.],[0.],[0.02779946],[5.9902668e-05],[2.9802322e-07],[0.],[0.44249997],[0.],[0.49102077],[0.00430343],[0.],[0.],[0.20474312],[0.],[0.],[0.],[0.],[7.748604e-07],[0.],[2.3931265e-05],[0.47666994],[0.],[2.9802322e-07],[0.],[0.00010899],[0.],[0.],[0.19055098],[0.],[2.9802322e-05],[0.],[0.],[0.],[0.],[5.185604e-06]
8,[0.],[0.75677794],[0.31211054],[0.00049651],[0.71816784],[0.],[0.],[0.],[0.08478901],[0.],[0.],[0.],[0.],[0.00326753],[0.],[0.],[0.],[0.],[0.],[0.],[0.],[0.],[0.00150594],[0.],[9.387732e-06],[0.22776598],[0.],[0.],[0.01317468],[0.29157814],[0.00197074],[0.],[0.],[0.],[5.066395e-07],[0.],[0.7616409],[0.],[0.],[0.00027969],[2.7120113e-06],[0.],[4.172325e-06],[2.3841858e-07],[3.5762787e-07],[5.9604645e-08],[0.],[0.07311904],[0.],[0.],[0.27402502],[0.],[4.23193e-06],[0.],[0.2049942],[1.013279e-06],[0.],[0.25089616],[0.],[0.75786257],[1.4603138e-05],[0.41684407],[0.1728079],[0.]
9,[0.],[0.71093476],[0.1559278],[0.00190988],[0.5092033],[0.],[0.],[0.],[0.26301134],[8.940697e-08],[0.],[0.],[0.],[0.01247063],[0.],[0.],[0.],[0.],[0.],[0.],[0.],[0.],[0.00061372],[0.],[3.620982e-05],[0.10721183],[0.],[0.],[0.04891205],[0.14352629],[0.00080335],[0.],[0.],[0.],[9.23872e-07],[0.],[0.7504627],[0.],[0.],[0.00107637],[1.0251999e-05],[0.],[2.0563602e-06],[3.2782555e-07],[4.4703484e-07],[1.4901161e-07],[0.],[0.03111947],[0.],[0.],[0.13321006],[0.],[1.6212463e-05],[0.],[0.09500998],[4.053116e-06],[0.],[0.5633514],[0.],[0.57276505],[5.6266785e-05],[0.22542682],[0.07838961],[0.]
10,[0.00290942],[2.9802322e-08],[0.],[1.2218952e-06],[8.940697e-08],[0.0055317],[0.03850633],[3.2782555e-07],[2.0861626e-07],[0.00102961],[0.001847],[2.9802322e-07],[2.0861626e-07],[6.556511e-07],[0.000458],[0.0690679],[2.1457672e-06],[2.3841858e-07],[2.3514032e-05],[0.6397635],[0.0003126],[0.00250301],[0.],[0.3644941],[5.3942204e-06],[0.],[1.7881393e-07],[4.6789646e-06],[4.4703484e-07],[0.],[0.],[9.596348e-06],[0.10161895],[0.00125977],[5.3197145e-05],[3.2782555e-07],[8.940697e-08],[2.682209e-07],[6.380677e-05],[1.4007092e-06],[6.9737434e-06],[6.2584877e-07],[0.],[3.3825636e-05],[3.1083822e-05],[9.956956e-05],[0.01112011],[0.],[0.6224208],[2.9802322e-07],[0.],[0.00135413],[7.5101852e-06],[0.02535111],[0.],[1.0877848e-05],[7.748604e-07],[1.7881393e-07],[0.27926672],[5.9604645e-08],[4.261732e-06],[2.9802322e-08],[0.],[0.12206715]
11,[8.34465e-07],[0.],[0.],[0.],[0.],[0.0002647],[3.3080578e-06],[0.52284175],[0.],[2.9802322e-07],[4.4703484e-07],[0.40834945],[0.24381685],[0.],[0.00212213],[5.6028366e-05],[0.1355457],[0.28712708],[0.01512092],[1.2814999e-05],[0.00182581],[7.1525574e-07],[0.],[5.6892633e-05],[0.],[0.],[0.26515675],[0.032024],[0.],[0.],[0.],[0.03343695],[7.2449446e-05],[3.5762787e-07],[0.],[0.5270269],[0.],[0.44873145],[0.00520167],[0.],[0.],[0.24292889],[0.],[0.],[0.],[2.9802322e-08],[8.6426735e-07],[0.],[2.9027462e-05],[0.4708854],[0.],[3.2782555e-07],[0.],[0.00013185],[0.],[0.],[0.22166714],[0.],[3.6090612e-05],[0.],[0.],[0.],[0.],[6.3478947e-06]
12,[5.662441e-07],[0.],[0.],[0.],[0.],[0.00019938],[2.503395e-06],[0.3676074],[0.],[2.3841858e-07],[4.172325e-07],[0.46339354],[0.45030436],[0.],[0.00159916],[4.3094158e-05],[0.10562855],[0.5081701],[0.01143196],[9.894371e-06],[0.00137579],[5.066395e-07],[0.],[4.2885542e-05],[0.],[0.],[0.480691],[0.02523059],[0.],[0.],[0.],[0.02539483],[5.4597855e-05],[2.9802322e-07],[0.],[0.39023858],[0.],[0.43752617],[0.003923],[0.],[0.],[0.19002384],[0.],[0.],[0.],[0.],[6.854534e-07],[0.],[2.1845102e-05],[0.4234381],[0.],[2.9802322e-07],[0.],[9.930134e-05],[0.],[0.],[0.17662543],[0.],[2.7120113e-05],[0.],[0.],[0.],[0.],[4.7385693e-06]
13,[1.1920929e-07],[0.03181824],[0.00246239],[0.45635042],[0.01367405],[0.],[0.],[0.],[0.3419054],[5.364418e-07],[1.7881393e-07],[0.],[0.],[0.7326258],[0.],[0.],[0.],[0.],[0.],[0.],[0.],[2.0861626e-07],[8.523464e-06],[0.],[0.01562345],[0.00160205],[0.],[0.],[0.6247967],[0.00223425],[1.0728836e-05],[0.],[0.],[3.2782555e-07],[6.648898e-05],[0.],[0.0456509],[0.],[0.],[0.32096595],[0.00446895],[0.],[4.172325e-07],[6.0141087e-05],[0.00010201],[3.3974648e-06],[0.],[0.00042903],[0.],[0.],[0.0020493],[1.7881393e-07],[0.00706655],[0.],[0.00140083],[0.00177586],[0.],[0.1844078],[0.],[0.01759884],[0.02407816],[0.00387385],[0.00113529],[0.]
14,[0.],[0.000236],[0.01105964],[8.940697e-08],[0.00084704],[0.],[0.],[0.],[3.516674e-06],[0.],[0.],[0.],[0.],[1.1920929e-07],[0.],[0.],[0.],[0.],[0.],[0.],[0.],[0.],[0.6114489],[0.],[0.],[0.02222323],[0.],[0.],[4.4703484e-07],[0.01304492],[0.67323256],[0.],[0.],[0.],[0.],[0.],[0.00013509],[0.],[0.],[8.940697e-08],[0.],[0.],[0.0043624],[0.],[0.],[0.],[0.],[0.14597118],[0.],[0.],[0.01567683],[0.],[2.9802322e-08],[0.],[0.0271537],[0.],[0.],[1.2695789e-05],[0.],[0.00072306],[1.4901161e-07],[0.00573519],[0.03644428],[0.]
15,[0.],[0.00075856],[0.03473088],[8.940697e-08],[0.00272009],[0.],[0.],[0.],[1.1265278e-05],[0.],[0.],[0.],[0.],[4.172325e-07],[0.],[0.],[0.],[0.],[0.],[0.],[0.],[0.],[0.45391902],[0.],[2.9802322e-08],[0.06814191],[0.],[0.],[1.6093254e-06],[0.04079008],[0.5211342],[0.],[0.],[0.],[0.],[0.],[0.00043446],[0.],[0.],[1.4901161e-07],[0.],[0.],[0.00230908],[0.],[0.],[0.],[0.],[0.35480154],[0.],[0.],[0.04874328],[0.],[2.9802322e-08],[0.],[0.08240148],[0.],[0.],[4.082918e-05],[0.],[0.00232244],[0.],[0.01822051],[0.10848701],[0.]
16,[0.],[2.9802322e-08],[7.748604e-07],[0.],[0.],[0.],[0.],[0.],[0.],[0.],[0.],[0.],[0.],[0.],[0.],[0.],[0.],[0.],[0.],[0.],[0.],[0.],[0.00431624],[0.],[0.],[1.5795231e-06],[0.],[0.],[0.],[8.6426735e-07],[0.00280368],[0.],[0.],[0.],[0.],[0.],[0.],[0.],[0.],[0.],[0.],[0.],[0.7966938],[0.],[0.],[0.],[0.],[1.2069941e-05],[0.],[0.],[1.1026859e-06],[0.],[0.],[0.],[1.9967556e-06],[0.],[0.],[0.],[0.],[8.940697e-08],[0.],[4.172325e-07],[2.6226044e-06],[0.]
17,[0.00090268],[2.9802322e-08],[0.],[3.5762787e-07],[0.],[0.06747815],[0.00876451],[5.662441e-07],[5.9604645e-08],[0.00031894],[0.00057259],[3.874302e-07],[2.9802322e-07],[2.3841858e-07],[0.00067624],[0.4899091],[3.1888485e-06],[3.2782555e-07],[3.4719706e-05],[0.2813211],[0.0004614],[0.00077629],[0.],[0.49779496],[1.6093254e-06],[0.],[3.5762787e-07],[6.7949295e-06],[1.1920929e-07],[0.],[0.],[1.4156103e-05],[0.59538007],[0.00039035],[1.6540289e-05],[4.7683716e-07],[0.],[4.7683716e-07],[9.429455e-05],[3.874302e-07],[2.115965e-06],[1.013279e-06],[0.],[1.04904175e-05],[9.62615e-06],[3.08156e-05],[0.00241435],[0.],[0.3494696],[4.7683716e-07],[0.],[0.00041962],[2.3245811e-06],[0.25281757],[0.],[3.3676624e-06],[1.1920929e-06],[8.940697e-08],[0.6478421],[0.],[1.3113022e-06],[0.],[0.],[0.0297831]
18,[5.066395e-07],[0.],[0.],[0.],[0.],[0.00018221],[2.2351742e-06],[0.3113072],[0.],[2.0861626e-07],[3.2782555e-07],[0.4017428],[0.52088547],[0.],[0.00146163],[3.913045e-05],[0.0974161],[0.4926285],[0.01045755],[8.881092e-06],[0.00125742],[4.7683716e-07],[0.],[3.9190054e-05],[0.],[0.],[0.5116461],[0.02310923],[0.],[0.],[0.],[0.02325815],[4.9889088e-05],[2.3841858e-07],[0.],[0.33229354],[0.],[0.37689966],[0.00358635],[0.],[0.],[0.17654511],[0.],[0.],[0.],[5.9604645e-08],[5.662441e-07],[0.],[1.9967556e-05],[0.36350214],[0.],[2.682209e-07],[0.],[9.0777874e-05],[0.],[0.],[0.16390476],[0.],[2.4795532e-05],[0.],[0.],[0.],[0.],[4.3213367e-06]
19,[0.14052904],[2.2351742e-06],[6.2584877e-07],[5.403161e-05],[1.4603138e-06],[6.9737434e-06],[0.00130329],[0.],[9.715557e-06],[0.59113467],[0.29305685],[0.],[0.],[3.0308962e-05],[6.854534e-07],[5.90086e-06],[0.],[0.],[0.],[2.3275614e-05],[4.4703484e-07],[0.32897905],[8.940697e-08],[4.1753054e-05],[0.00023529],[4.4703484e-07],[0.],[0.],[2.259016e-05],[5.662441e-07],[8.940697e-08],[0.],[1.2904406e-05],[0.64996594],[0.00287783],[0.],[2.6226044e-06],[0.],[1.1920929e-07],[6.535649e-05],[0.00030684],[0.],[0.],[0.004134],[0.00275844],[0.02648851],[0.00839427],[2.0861626e-07],[3.8921833e-05],[0.],[5.364418e-07],[0.575734],[0.00032687],[9.000301e-06],[4.172325e-07],[0.00047585],[0.],[6.0796738e-06],[1.2099743e-05],[1.1920929e-06],[0.00018772],[7.748604e-07],[3.874302e-07],[0.0001992]
20,[8.34465e-07],[0.],[0.],[0.],[0.],[0.00026032],[3.3080578e-06],[0.5077152],[0.],[2.9802322e-07],[5.066395e-07],[0.3649932],[0.21007612],[0.],[0.00208673],[5.581975e-05],[0.13358343],[0.25117752],[0.01487201],[1.2785196e-05],[0.00179526],[7.4505806e-07],[0.],[5.596876e-05],[0.],[0.],[0.23106632],[0.03260124],[0.],[0.],[0.],[0.03289658],[7.125735e-05],[3.2782555e-07],[0.],[0.48315936],[0.],[0.40401554],[0.00511515],[0.],[0.],[0.27645025],[0.],[0.],[0.],[2.9802322e-08],[9.23872e-07],[0.],[2.8550625e-05],[0.42566645],[0.],[4.172325e-07],[0.],[0.0001297],[0.],[0.],[0.22643626],[0.],[3.543496e-05],[0.],[0.],[0.],[0.],[6.1690807e-06]
21,[1.013279e-06],[0.],[0.],[0.],[0.],[0.00033733],[4.261732e-06],[0.2775501],[0.],[3.5762787e-07],[6.854534e-07],[0.17635116],[0.13558105],[0.],[0.00270262],[7.343292e-05],[0.16653377],[0.1429222],[0.019189],[1.6838312e-05],[0.00232536],[8.046627e-07],[0.],[7.247925e-05],[0.],[0.],[0.1367645],[0.04176933],[0.],[0.],[0.],[0.04222128],[9.23872e-05],[4.7683716e-07],[5.9604645e-08],[0.25828564],[0.],[0.20160848],[0.00661898],[0.],[0.],[0.43448997],[0.],[0.],[0.],[1.1920929e-07],[1.1026859e-06],[0.],[3.7014484e-05],[0.21635017],[0.],[4.7683716e-07],[0.],[0.00016806],[0.],[0.],[0.3705259],[0.],[4.5865774e-05],[0.],[0.],[0.],[0.],[8.046627e-06]
22,[8.046627e-07],[0.],[0.],[0.],[0.],[0.00023377],[2.95043e-06],[0.48331362],[0.],[2.682209e-07],[4.4703484e-07],[0.47772664],[0.29736817],[0.],[0.00187504],[5.00679e-05],[0.12166068],[0.34802368],[0.01338106],[1.1473894e-05],[0.00161308],[6.2584877e-07],[0.],[5.030632e-05],[0.],[0.],[0.32350826],[0.02896386],[0.],[0.],[0.],[0.02965286],[6.404519e-05],[2.9802322e-07],[0.],[0.5073532],[0.],[0.51895165],[0.00459775],[0.],[0.],[0.21577501],[0.],[0.],[0.],[2.9802322e-08],[8.34465e-07],[0.],[2.5600195e-05],[0.52666426],[0.],[3.5762787e-07],[0.],[0.00011647],[0.],[0.],[0.20101148],[0.],[3.1799078e-05],[0.],[0.],[0.],[0.],[5.6028366e-06]
23,[5.066395e-07],[0.],[0.],[0.],[0.],[0.00016728],[2.115965e-06],[0.2926234],[0.],[2.0861626e-07],[3.5762787e-07],[0.36372054],[0.48867306],[0.],[0.00134149],[3.5583973e-05],[0.09012097],[0.4525107],[0.00960508],[8.136034e-06],[0.00115404],[4.4703484e-07],[0.],[3.59118e-05],[0.],[0.],[0.4714186],[0.02104595],[0.],[0.],[0.],[0.02138484],[4.5835972e-05],[1.7881393e-07],[0.],[0.2975748],[0.],[0.33989286],[0.00329208],[0.],[0.],[0.16422588],[0.],[0.],[0.],[5.9604645e-08],[5.066395e-07],[0.],[1.835823e-05],[0.32712018],[0.],[1.7881393e-07],[0.],[8.326769e-05],[0.],[0.],[0.15247163],[0.],[2.270937e-05],[0.],[0.],[0.],[0.],[4.0233135e-06]
24,[0.],[0.7101053],[0.1553978],[0.00187701],[0.5081955],[0.],[0.],[0.],[0.25964648],[0.],[0.],[0.],[0.],[0.01225775],[0.],[0.],[0.],[0.],[0.],[0.],[0.],[0.],[0.00061122],[0.],[3.555417e-05],[0.10682639],[0.],[0.],[0.04810742],[0.14303133],[0.00080004],[0.],[0.],[0.],[1.013279e-06],[0.],[0.74942845],[0.],[0.],[0.00105777],[1.0043383e-05],[0.],[2.0861626e-06],[3.5762787e-07],[5.662441e-07],[1.7881393e-07],[0.],[0.03099805],[0.],[0.],[0.13274515],[0.],[1.5944242e-05],[0.],[0.09466383],[3.9339066e-06],[0.],[0.55905885],[0.],[0.571778],[5.5283308e-05],[0.22472349],[0.07809877],[0.]
25,[0.00346047],[5.9604645e-08],[5.9604645e-08],[1.4305115e-06],[8.940697e-08],[0.0060938],[0.03634182],[5.066395e-07],[2.0861626e-07],[0.00122508],[0.00219724],[3.2782555e-07],[2.9802322e-07],[7.748604e-07],[0.00059986],[0.0634647],[2.8014183e-06],[2.9802322e-07],[3.08156e-05],[0.615259],[0.00040928],[0.00297728],[0.],[0.35228524],[6.4074993e-06],[0.],[2.9802322e-07],[5.841255e-06],[5.662441e-07],[5.9604645e-08],[0.],[1.2516975e-05],[0.09687302],[0.00149891],[6.338954e-05],[3.874302e-07],[5.9604645e-08],[4.172325e-07],[8.368492e-05],[1.758337e-06],[8.374453e-06],[8.6426735e-07],[0.],[4.0233135e-05],[3.6984682e-05],[0.00011849],[0.00979033],[0.],[0.6139124],[3.874302e-07],[0.],[0.00161111],[8.910894e-06],[0.02407166],[0.],[1.2993813e-05],[1.1026859e-06],[1.4901161e-07],[0.26870555],[1.1920929e-07],[5.155802e-06],[2.9802322e-08],[0.],[0.11577117]
26,[0.],[0.75380516],[0.22785866],[0.00100288],[0.6236853],[0.],[0.],[0.],[0.15770009],[2.9802322e-08],[0.],[0.],[0.],[0.00658152],[0.],[0.],[0.],[0.],[0.],[0.],[0.],[0.],[0.00097999],[0.],[1.8954277e-05],[0.1609549],[0.],[0.],[0.02627146],[0.21116737],[0.00128257],[0.],[0.],[0.],[6.2584877e-07],[0.],[0.7587086],[0.],[0.],[0.00056499],[5.3942204e-06],[0.],[2.7120113e-06],[2.3841858e-07],[3.2782555e-07],[0.],[0.],[0.04880396],[0.],[0.],[0.19710815],[0.],[8.493662e-06],[0.],[0.14362052],[2.1457672e-06],[0.],[0.40364736],[0.],[0.6816889],[2.9534101e-05],[0.31736374],[0.11962062],[0.]
27,[1.1026859e-05],[2.0056963e-05],[4.3213367e-06],[0.01028872],[9.953976e-06],[5.9604645e-08],[7.748604e-07],[0.],[0.00031781],[0.00040364],[2.8014183e-05],[0.],[0.],[0.0028685],[0.],[0.],[0.],[0.],[0.],[2.9802322e-08],[0.],[3.311038e-05],[1.7881393e-07],[1.4901161e-07],[0.11694127],[3.1590462e-06],[0.],[0.],[0.00101778],[3.963709e-06],[2.0861626e-07],[0.],[0.],[0.00015786],[0.70227677],[0.],[2.9295683e-05],[0.],[0.],[0.01500866],[0.25198624],[0.],[0.],[0.7275268],[0.71841073],[0.16911545],[6.2584877e-07],[1.5497208e-06],[1.4901161e-07],[0.],[3.4868717e-06],[9.1701746e-05],[0.17852652],[5.9604645e-08],[2.95043e-06],[0.36519435],[0.],[0.00013837],[5.9604645e-08],[1.0967255e-05],[0.09392712],[5.275011e-06],[2.682209e-06],[3.874302e-07]
28,[0.09120789],[1.1026859e-06],[2.682209e-07],[2.6226044e-05],[6.556511e-07],[1.3411045e-06],[0.00078616],[0.],[4.6789646e-06],[0.68406844],[0.22507825],[0.],[0.],[1.1920929e-05],[1.1920929e-07],[8.34465e-07],[0.],[0.],[0.],[3.0398369e-06],[0.],[0.25568163],[2.9802322e-08],[7.56979e-06],[0.00021395],[1.7881393e-07],[0.],[0.],[1.0967255e-05],[2.682209e-07],[2.9802322e-08],[0.],[2.115965e-06],[0.6208172],[0.00607061],[0.],[1.2516975e-06],[0.],[0.],[3.167987e-05],[0.00054404],[0.],[0.],[0.00870815],[0.00581956],[0.05444521],[0.00380039],[1.7881393e-07],[7.122755e-06],[0.],[2.3841858e-07],[0.4873915],[0.00033066],[1.3411045e-06],[2.0861626e-07],[0.00092864],[0.],[3.0100346e-06],[2.115965e-06],[5.9604645e-07],[0.00016749],[4.172325e-07],[2.0861626e-07],[0.00011235]
29,[7.1525574e-07],[0.],[0.],[0.],[0.],[0.0002352],[2.9206276e-06],[0.45330226],[0.],[2.0861626e-07],[4.4703484e-07],[0.51141906],[0.32628733],[0.],[0.00188613],[5.1766634e-05],[0.12228957],[0.3792104],[0.01345879],[1.1891127e-05],[0.00162265],[6.854534e-07],[0.],[5.0634146e-05],[0.],[0.],[0.3536899],[0.02999404],[0.],[0.],[0.],[0.02982226],[6.443262e-05],[2.9802322e-07],[0.],[0.47722787],[0.],[0.52287054],[0.00462478],[0.],[0.],[0.21677032],[0.],[0.],[0.],[5.9604645e-08],[7.748604e-07],[0.],[2.5779009e-05],[0.51161855],[0.],[3.2782555e-07],[0.],[0.00011718],[0.],[0.],[0.20195627],[0.],[3.2007694e-05],[0.],[0.],[0.],[0.],[5.5730343e-06]
30,[5.185604e-06],[0.00010833],[1.6093254e-05],[0.05302966],[4.568696e-05],[0.],[5.066395e-07],[0.],[0.00170934],[2.7745962e-05],[5.6922436e-06],[0.],[0.],[0.01506287],[0.],[0.],[0.],[0.],[0.],[0.],[0.],[1.1891127e-05],[8.6426735e-07],[8.940697e-08],[0.41635102],[1.1861324e-05],[0.],[0.],[0.00545827],[1.4841557e-05],[1.013279e-06],[0.],[0.],[1.579523e-05],[0.19246897],[0.],[0.00015768],[0.],[0.],[0.07585409],[0.64471817],[0.],[0.],[0.17738035],[0.26773173],[0.01142785],[3.874302e-07],[5.7816505e-06],[0.],[0.],[1.31726265e-05],[1.04904175e-05],[0.53931534],[0.],[1.0997057e-05],[0.7050897],[0.],[0.00074455],[2.9802322e-08],[5.9068203e-05],[0.3583225],[1.9580126e-05],[1.013279e-05],[2.3841858e-07]
31,[4.172325e-06],[0.],[0.],[0.],[0.],[0.00130811],[1.6629696e-05],[0.01937607],[0.],[1.4603138e-06],[2.5629997e-06],[0.01571634],[0.01183581],[0.],[0.0104107],[0.00027025],[0.15218818],[0.0125936],[0.07058957],[6.195903e-05],[0.00896719],[3.5464764e-06],[0.],[0.00028139],[0.],[0.],[0.01192442],[0.35407165],[0.],[0.],[0.],[0.24743173],[0.00035849],[1.7285347e-06],[1.4901161e-07],[0.01744157],[0.],[0.01667243],[0.02521452],[0.],[0.],[0.03273737],[0.],[8.940697e-08],[1.1920929e-07],[1.1920929e-07],[4.261732e-06],[0.],[0.00014356],[0.01690426],[0.],[1.8775463e-06],[0.],[0.00065181],[0.],[0.],[0.04033566],[0.],[0.0001781],[0.],[0.],[0.],[0.],[3.0368567e-05]
32,[5.9604645e-08],[0.17205137],[0.01536879],[0.06266278],[0.0805966],[0.],[0.],[0.],[0.73976845],[1.1920929e-07],[5.9604645e-08],[0.],[0.],[0.306121],[0.],[0.],[0.],[0.],[0.],[0.],[0.],[1.1920929e-07],[5.1885843e-05],[0.],[0.00126234],[0.0100446],[0.],[0.],[0.6424303],[0.01396149],[6.79791e-05],[0.],[0.],[5.9604645e-08],[5.3048134e-06],[0.],[0.2322259],[0.],[0.],[0.03627884],[0.00035739],[0.],[7.748604e-07],[4.8577785e-06],[8.136034e-06],[8.34465e-07],[0.],[0.00270644],[0.],[0.],[0.0128186],[0.],[0.00056651],[0.],[0.00879243],[0.00014171],[0.],[0.5884247],[0.],[0.10174865],[0.00196102],[0.02400017],[0.00713548],[0.]
33,[0.02186891],[1.7881393e-07],[8.940697e-08],[4.172325e-06],[1.7881393e-07],[0.00077999],[0.3885506],[1.4901161e-07],[7.4505806e-07],[0.00344506],[0.01299882],[8.940697e-08],[8.940697e-08],[2.2351742e-06],[7.6413155e-05],[0.00130755],[3.2782555e-07],[8.940697e-08],[3.963709e-06],[0.06191114],[5.2124262e-05],[0.00936639],[0.],[0.01002029],[1.809001e-05],[0.],[0.],[7.748604e-07],[1.6987324e-06],[8.940697e-08],[0.],[1.5199184e-06],[0.0019922],[0.0042128],[0.00017861],[1.4901161e-07],[1.7881393e-07],[2.9802322e-08],[1.0639429e-05],[5.00679e-06],[2.3543835e-05],[1.1920929e-07],[0.],[0.00011358],[0.00010422],[0.00033385],[0.17033544],[0.],[0.03187504],[5.9604645e-08],[8.940697e-08],[0.00565815],[2.5063753e-05],[0.00099972],[8.940697e-08],[3.6507845e-05],[8.940697e-08],[4.4703484e-07],[0.0067915],[1.4901161e-07],[1.4424324e-05],[8.940697e-08],[2.9802322e-08],[0.63064325]
34,[5.096197e-06],[9.611249e-05],[1.3887882e-05],[0.04733428],[4.0590763e-05],[0.],[5.066395e-07],[0.],[0.00151694],[2.9206276e-05],[5.4836273e-06],[0.],[0.],[0.01356292],[0.],[0.],[0.],[0.],[0.],[0.],[0.],[1.1473894e-05],[7.1525574e-07],[8.940697e-08],[0.38760665],[1.0222197e-05],[0.],[0.],[0.00484577],[1.2844801e-05],[9.23872e-07],[0.],[5.9604645e-08],[1.5288591e-05],[0.23301637],[0.],[0.00013989],[0.],[0.],[0.06788313],[0.61687124],[0.],[1.1920929e-07],[0.21559781],[0.31789306],[0.01452112],[3.874302e-07],[5.0365925e-06],[0.],[0.],[1.129508e-05],[1.0102987e-05],[0.50949246],[0.],[9.506941e-06],[0.70634305],[0.],[0.00066075],[5.9604645e-08],[5.2392483e-05],[0.33131027],[1.692772e-05],[8.7320805e-06],[2.0861626e-07]
35,[8.6426735e-07],[0.00274977],[0.00020707],[0.58773124],[0.00116178],[0.],[5.9604645e-08],[0.],[0.04176953],[4.5895576e-06],[9.23872e-07],[0.],[0.],[0.28289688],[0.],[0.],[0.],[0.],[0.],[0.],[0.],[1.937151e-06],[4.6491623e-06],[0.],[0.29561868],[0.00013462],[0.],[0.],[0.1225878],[0.0001879],[5.6624413e-06],[0.],[0.],[2.592802e-06],[0.00175467],[0.],[0.00399733],[0.],[0.],[0.6763292],[0.1061078],[0.],[2.3841858e-07],[0.00158772],[0.00268918],[8.5264444e-05],[1.1920929e-07],[3.6031008e-05],[0.],[0.],[0.00017232],[1.6987324e-06],[0.15838286],[0.],[0.00011769],[0.04492947],[0.],[0.0186173],[0.],[0.00150076],[0.39482152],[0.00032616],[9.536743e-05],[8.940697e-08]
36,[1.4901161e-07],[0.01385269],[0.00105402],[0.7280085],[0.00589091],[0.],[2.9802322e-08],[0.],[0.181716],[9.23872e-07],[1.7881393e-07],[0.],[0.],[0.6677487],[0.],[0.],[0.],[0.],[0.],[0.],[0.],[3.874302e-07],[6.1392784e-06],[0.],[0.05074912],[0.00068542],[0.],[0.],[0.41581157],[0.00095624],[7.301569e-06],[0.],[0.],[5.364418e-07],[0.00022393],[0.],[0.02003661],[0.],[0.],[0.61422837],[0.01489595],[0.],[2.9802322e-07],[0.00020254],[0.00034335],[1.090765e-05],[0.],[0.00018346],[0.],[0.],[0.00087696],[3.5762787e-07],[0.02341148],[0.],[0.00059924],[0.00595689],[0.],[0.08812755],[0.],[0.007599],[0.07673064],[0.00165948],[0.00048551],[0.]
37,[6.574392e-05],[0.],[0.],[0.],[0.],[0.02026159],[0.00026202],[0.00021422],[0.],[2.3186207e-05],[4.1753054e-05],[0.00016767],[0.00012416],[2.9802322e-08],[0.3574549],[0.00449887],[0.00121304],[0.00013202],[0.0128271],[0.00103354],[0.4000374],[5.6535006e-05],[0.],[0.00442365],[1.1920929e-07],[0.],[0.00012547],[0.0024884],[0.],[0.],[0.],[0.00525421],[0.00563002],[2.8461218e-05],[1.1920929e-06],[0.0001879],[0.],[0.00017577],[0.15862277],[2.9802322e-08],[1.7881393e-07],[0.00037679],[0.],[7.748604e-07],[6.854534e-07],[2.1755695e-06],[7.209182e-05],[0.],[0.00226104],[0.00018087],[0.],[3.0577183e-05],[1.7881393e-07],[0.01019284],[0.],[2.0861626e-07],[0.00046197],[0.],[0.00280422],[0.],[1.4901161e-07],[0.],[0.],[0.0004932]
38,[0.00012046],[0.],[0.],[8.940697e-08],[0.],[0.0365237],[0.00048003],[0.00010458],[0.],[4.258752e-05],[7.638335e-05],[8.183718e-05],[6.067753e-05],[0.],[0.5324168],[0.00846255],[0.00059226],[6.443262e-05],[0.00630045],[0.00209293],[0.5067703],[0.00010365],[0.],[0.00807893],[2.0861626e-07],[0.],[6.124377e-05],[0.00129071],[2.9802322e-08],[0.],[0.],[0.00257078],[0.01027182],[5.209446e-05],[2.1457672e-06],[9.1701746e-05],[0.],[8.5771084e-05],[0.02901036],[5.9604645e-08],[2.682209e-07],[0.00018397],[0.],[1.3709068e-06],[1.2516975e-06],[4.053116e-06],[0.00014612],[0.],[0.0041368],[8.824468e-05],[0.],[5.5998564e-05],[2.9802322e-07],[0.01852664],[0.],[3.874302e-07],[0.00022551],[0.],[0.00512826],[0.],[1.4901161e-07],[0.],[0.],[0.00090355]
39,[0.00046739],[0.],[0.],[2.3841858e-07],[0.],[0.12384257],[0.00584498],[3.5762787e-07],[2.9802322e-08],[0.00018758],[0.0003368],[2.682209e-07],[1.4901161e-07],[1.1920929e-07],[0.00049317],[0.5996163],[1.9669533e-06],[2.0861626e-07],[2.425909e-05],[0.18355888],[0.00033653],[0.0004566],[0.],[0.433959],[9.834766e-07],[0.],[2.0861626e-07],[4.0233135e-06],[1.4901161e-07],[0.],[0.],[9.894371e-06],[0.65513545],[0.00022957],[9.715557e-06],[2.9802322e-07],[0.],[2.9802322e-07],[5.969405e-05],[2.0861626e-07],[1.2814999e-06],[5.662441e-07],[0.],[6.1690807e-06],[5.6922436e-06],[1.8149614e-05],[0.00138807],[0.],[0.29353693],[2.682209e-07],[0.],[0.00024679],[1.3113022e-06],[0.3661703],[0.],[1.9669533e-06],[7.748604e-07],[5.9604645e-08],[0.5875058],[0.],[7.1525574e-07],[0.],[0.],[0.01822338]
40,[0.],[0.00153092],[0.06774583],[1.1920929e-07],[0.00547853],[0.],[0.],[0.],[2.2798777e-05],[0.],[0.],[0.],[0.],[7.748604e-07],[0.],[0.],[0.],[0.],[0.],[0.],[0.],[0.],[0.3477381],[0.],[0.],[0.12868321],[0.],[0.],[3.2782555e-06],[0.07909307],[0.4110657],[0.],[0.],[0.],[0.],[0.],[0.00087705],[0.],[0.],[5.9604645e-08],[0.],[0.],[0.0014821],[0.],[0.],[0.],[0.],[0.52621007],[0.],[0.],[0.09378418],[0.],[5.9604645e-08],[0.],[0.15352446],[0.],[0.],[8.240342e-05],[0.],[0.0046795],[5.9604645e-08],[0.03612816],[0.19728452],[0.]
41,[1.2814999e-06],[0.],[0.],[0.],[0.],[0.00042397],[5.3942204e-06],[0.14681926],[0.],[3.874302e-07],[8.046627e-07],[0.1186243],[0.09066042],[0.],[0.00339505],[8.833408e-05],[0.20700705],[0.0958389],[0.02400377],[2.0235777e-05],[0.00292146],[1.1026859e-06],[0.],[9.1165304e-05],[0.],[0.],[0.09149325],[0.05009595],[0.],[0.],[0.],[0.05250585],[0.00011611],[5.662441e-07],[2.9802322e-08],[0.13070047],[0.],[0.1236808],[0.00830656],[0.],[0.],[0.52331734],[0.],[2.9802322e-08],[0.],[8.940697e-08],[1.3709068e-06],[0.],[4.646182e-05],[0.12681314],[0.],[6.2584877e-07],[0.],[0.00021118],[0.],[0.],[0.5229714],[0.],[5.7697296e-05],[0.],[0.],[0.],[0.],[9.924173e-06]
42,[2.682209e-07],[0.00802818],[0.00060752],[0.73163587],[0.00340256],[0.],[2.9802322e-08],[0.],[0.11343101],[1.2516975e-06],[2.3841858e-07],[0.],[0.],[0.53658986],[0.],[0.],[0.],[0.],[0.],[0.],[0.],[5.066395e-07],[4.4107437e-06],[0.],[0.11218354],[0.000395],[0.],[0.],[0.29082304],[0.00055116],[5.364418e-06],[0.],[0.],[6.854534e-07],[0.00052899],[0.],[0.01164281],[0.],[0.],[0.73665106],[0.03450584],[0.],[2.0861626e-07],[0.00047857],[0.00081122],[2.56598e-05],[0.],[0.00010574],[0.],[0.],[0.00050545],[4.4703484e-07],[0.05362162],[0.],[0.00034541],[0.01396593],[0.],[0.0527443],[0.],[0.0043923],[0.16417739],[0.00095677],[0.00027975],[0.]
43,[5.930662e-06],[0.],[0.],[0.],[0.],[0.00187761],[2.3454428e-05],[0.01164064],[0.],[2.026558e-06],[3.784895e-06],[0.00873333],[0.00657344],[0.],[0.01488355],[0.00035796],[0.06127822],[0.00690785],[0.12730011],[8.204579e-05],[0.01282793],[5.155802e-06],[0.],[0.00040394],[0.],[0.],[0.00657704],[0.52561426],[0.],[0.],[0.],[0.4178257],[0.00051472],[2.6226044e-06],[1.7881393e-07],[0.00973961],[0.],[0.00926828],[0.03392959],[0.],[0.],[0.01914507],[0.],[8.940697e-08],[5.9604645e-08],[2.0861626e-07],[5.6624413e-06],[0.],[0.00020614],[0.00963977],[0.],[2.7418137e-06],[0.],[0.00089791],[0.],[5.9604645e-08],[0.02528471],[0.],[0.00025576],[0.],[0.],[0.],[0.],[4.0203333e-05]
44,[0.00127476],[5.9604645e-08],[0.],[4.4703484e-07],[0.],[0.11052555],[0.00506353],[1.847744e-06],[5.9604645e-08],[0.00045064],[0.00080878],[1.4603138e-06],[1.0728836e-06],[2.682209e-07],[0.00220197],[0.62128633],[1.0579824e-05],[1.1622906e-06],[0.00011328],[0.1812728],[0.0015032],[0.00109643],[0.],[0.33430204],[2.3245811e-06],[0.],[1.1026859e-06],[2.30968e-05],[1.7881393e-07],[0.],[0.],[4.6133995e-05],[0.60821176],[0.00055146],[2.3305416e-05],[1.6093254e-06],[0.],[1.5199184e-06],[0.00030741],[5.9604645e-07],[3.0696392e-06],[3.2782555e-06],[0.],[1.4781952e-05],[1.3589859e-05],[4.3570995e-05],[0.00169295],[0.],[0.21393922],[1.5199184e-06],[0.],[0.00059286],[3.2782555e-06],[0.36750475],[0.],[4.6491623e-06],[3.963709e-06],[8.940697e-08],[0.48265424],[0.],[1.847744e-06],[0.],[0.],[0.0153141]
45,[0.],[0.5547182],[0.08556575],[0.00476271],[0.34448788],[0.],[0.],[0.],[0.47159484],[1.4901161e-07],[0.],[0.],[0.],[0.02900147],[0.],[0.],[0.],[0.],[0.],[0.],[0.],[0.],[0.00031099],[0.],[9.047985e-05],[0.05733934],[0.],[0.],[0.11395636],[0.07824162],[0.00040707],[0.],[0.],[5.9604645e-08],[1.5795231e-06],[0.],[0.64454037],[0.],[0.],[0.00268751],[2.5629997e-05],[0.],[1.7285347e-06],[5.9604645e-07],[8.6426735e-07],[2.3841858e-07],[0.],[0.01600862],[0.],[0.],[0.07222214],[0.],[4.0590763e-05],[0.],[0.05049255],[1.0102987e-05],[0.],[0.74942577],[0.],[0.40443158],[0.00014061],[0.12847704],[0.04130429],[0.]
46,[0.6425957],[8.046627e-07],[2.0861626e-07],[2.0831823e-05],[5.662441e-07],[2.7567148e-05],[0.02908882],[0.],[3.7550926e-06],[0.14552552],[0.54682887],[0.],[0.],[1.1742115e-05],[2.6226044e-06],[2.1100044e-05],[0.],[0.],[1.1920929e-07],[9.804964e-05],[1.8179417e-06],[0.46417886],[0.],[0.00016397],[9.098649e-05],[2.0861626e-07],[0.],[2.9802322e-08],[8.672476e-06],[1.7881393e-07],[0.],[1.7881393e-07],[5.0723553e-05],[0.2537542],[0.00090021],[0.],[9.536743e-07],[0.],[3.2782555e-07],[2.5242567e-05],[0.00011861],[0.],[0.],[0.00057229],[0.00052539],[0.00319499],[0.12761918],[0.],[0.00015292],[0.],[2.0861626e-07],[0.34269637],[0.00012639],[3.540516e-05],[1.4901161e-07],[0.00018409],[0.],[2.3245811e-06],[4.7415495e-05],[5.364418e-07],[7.2568655e-05],[2.3841858e-07],[1.4901161e-07],[0.00433028]
47,[0.],[0.11046734],[0.7699858],[9.924173e-06],[0.3085165],[0.],[0.],[0.],[0.00184301],[0.],[0.],[0.],[0.],[6.529689e-05],[0.],[0.],[0.],[0.],[0.],[0.],[0.],[0.],[0.02425146],[0.],[1.7881393e-07],[0.7673118],[0.],[0.],[0.00026602],[0.76964504],[0.03151426],[0.],[0.],[0.],[5.9604645e-08],[0.],[0.06638366],[0.],[0.],[5.6624413e-06],[5.9604645e-08],[0.],[6.920099e-05],[0.],[2.9802322e-08],[0.],[0.],[0.5652133],[0.],[0.],[0.7708453],[0.],[2.0861626e-07],[0.],[0.76583815],[1.1920929e-07],[0.],[0.00663105],[0.],[0.2757749],[2.682209e-07],[0.75147235],[0.7627961],[0.]
48,[2.1517277e-05],[3.710389e-05],[1.0758638e-05],[0.0108197],[2.4735928e-05],[1.1920929e-07],[2.2053719e-06],[0.],[0.00033435],[0.00020045],[2.3394823e-05],[0.],[0.],[0.00301763],[0.],[0.],[0.],[0.],[0.],[1.7881393e-07],[0.],[4.8846006e-05],[5.662441e-07],[2.0861626e-07],[0.12229607],[7.897615e-06],[0.],[0.],[0.00107083],[9.894371e-06],[6.854534e-07],[0.],[5.9604645e-08],[7.838011e-05],[0.66667736],[0.],[4.4345856e-05],[0.],[0.],[0.01577932],[0.26169235],[0.],[2.9802322e-08],[0.65336907],[0.69013053],[0.09177655],[2.3245811e-06],[3.874302e-06],[2.0861626e-07],[0.],[8.702278e-06],[4.5478344e-05],[0.18610704],[8.940697e-08],[7.3611736e-06],[0.37706286],[0.],[0.00014558],[5.9604645e-08],[2.0384789e-05],[0.09834537],[1.3023615e-05],[6.67572e-06],[1.1026859e-06]
49,[0.00012547],[0.],[0.],[1.1920929e-07],[0.],[0.04917628],[0.00049987],[6.189942e-05],[0.],[4.4316053e-05],[7.9602e-05],[4.848838e-05],[3.5881996e-05],[8.940697e-08],[0.38464904],[0.0133898],[0.00035062],[3.8087368e-05],[0.00373906],[0.00224659],[0.36063063],[0.00010788],[0.],[0.00841087],[2.0861626e-07],[0.],[3.620982e-05],[0.00076437],[0.],[0.],[0.],[0.00152332],[0.01069301],[5.4180622e-05],[2.2351742e-06],[5.4240227e-05],[0.],[5.081296e-05],[0.01613703],[1.4901161e-07],[2.682209e-07],[0.00010887],[0.],[1.4305115e-06],[1.3113022e-06],[4.2021275e-06],[0.00015685],[0.],[0.00430757],[5.2273273e-05],[0.],[5.8323145e-05],[2.682209e-07],[0.02033812],[0.],[3.874302e-07],[0.00013351],[0.],[0.00533959],[0.],[8.940697e-08],[0.],[0.],[0.00094101]
50,[0.],[0.45819008],[0.6494209],[6.741285e-05],[0.747896],[0.],[0.],[0.],[0.01241741],[0.],[0.],[0.],[0.],[0.00044471],[0.],[0.],[0.],[0.],[0.],[0.],[0.],[0.],[0.00612012],[0.],[1.2218952e-06],[0.54631615],[0.],[0.],[0.00180867],[0.6269218],[0.00799733],[0.],[0.],[0.],[1.7881393e-07],[0.],[0.32623348],[0.],[0.],[3.8027763e-05],[3.2782555e-07],[0.],[1.7166138e-05],[0.],[5.9604645e-08],[8.940697e-08],[0.],[0.2436133],[0.],[0.],[0.6064632],[0.],[5.662441e-07],[0.],[0.5128466],[2.9802322e-07],[0.],[0.04347965],[0.],[0.72168326],[1.9967556e-06],[0.74479145],[0.46031097],[0.]
51,[2.2858381e-05],[0.],[0.],[0.],[0.],[0.00713485],[9.1046095e-05],[0.0010623],[0.],[8.046627e-06],[1.4513731e-05],[0.00083098],[0.00061575],[0.],[0.05456617],[0.00157383],[0.00599054],[0.00065458],[0.24927989],[0.00036076],[0.05457163],[1.963973e-05],[0.],[0.00154155],[2.9802322e-08],[0.],[0.00062189],[0.01277652],[0.],[0.],[0.],[0.02902207],[0.00196362],[9.924173e-06],[3.874302e-07],[0.00093144],[0.],[0.00087142],[0.39563885],[0.],[5.9604645e-08],[0.00186703],[0.],[2.682209e-07],[2.0861626e-07],[7.1525574e-07],[2.5182962e-05],[0.],[0.00078681],[0.00089672],[0.],[1.0609627e-05],[5.9604645e-08],[0.00356558],[0.],[5.9604645e-08],[0.00228816],[0.],[0.0009762],[0.],[2.9802322e-08],[0.],[0.],[0.00017151]
52,[8.821487e-06],[0.],[0.],[0.],[0.],[0.00276399],[3.5136938e-05],[0.01045194],[0.],[3.1292439e-06],[5.6028366e-06],[0.00819325],[0.00608227],[0.],[0.02177602],[0.00062361],[0.05647796],[0.00646397],[0.1939202],[0.00014377],[0.01878658],[7.599592e-06],[0.],[0.00059515],[0.],[0.],[0.0061433],[0.43545762],[0.],[0.],[0.],[0.5420509],[0.00075823],[3.8444996e-06],[1.1920929e-07],[0.00917554],[0.],[0.0085884],[0.0518935],[0.],[8.940697e-08],[0.01823941],[0.],[5.9604645e-08],[1.1920929e-07],[2.9802322e-07],[1.001358e-05],[0.],[0.0003036],[0.00883526],[0.],[4.053116e-06],[0.],[0.00137821],[0.],[0.],[0.02227232],[0.],[0.00037673],[0.],[0.],[0.],[0.],[6.613135e-05]
53,[0.10855246],[2.026558e-06],[6.2584877e-07],[5.0634146e-05],[1.3113022e-06],[4.6491623e-06],[0.00097093],[0.],[9.030104e-06],[0.64642715],[0.23589954],[0.],[0.],[2.8401613e-05],[4.172325e-07],[3.8146973e-06],[0.],[0.],[2.9802322e-08],[1.5318394e-05],[2.9802322e-07],[0.26746643],[2.9802322e-08],[2.7477741e-05],[0.00022051],[4.172325e-07],[0.],[0.],[2.1129847e-05],[5.066395e-07],[8.940697e-08],[0.],[8.493662e-06],[0.63507205],[0.00386357],[0.],[2.503395e-06],[0.],[5.9604645e-08],[6.118417e-05],[0.00034547],[0.],[0.],[0.00554767],[0.0037035],[0.03527531],[0.00632018],[2.3841858e-07],[2.56598e-05],[0.],[4.7683716e-07],[0.502644],[0.00030619],[5.8710575e-06],[3.874302e-07],[0.00058991],[0.],[5.632639e-06],[8.016825e-06],[1.1026859e-06],[0.00017592],[7.1525574e-07],[3.5762787e-07],[0.00014833]
54,[0.],[0.23436385],[0.7579651],[2.4437904e-05],[0.5237518],[0.],[0.],[0.],[0.00453061],[0.],[0.],[0.],[0.],[0.00016105],[0.],[0.],[0.],[0.],[0.],[0.],[0.],[0.],[0.01260811],[0.],[4.4703484e-07],[0.71404606],[0.],[0.],[0.00065538],[0.7576122],[0.01644278],[0.],[0.],[0.],[1.1920929e-07],[0.],[0.14912614],[0.],[0.],[1.3768673e-05],[1.4901161e-07],[0.],[3.555417e-05],[2.9802322e-08],[0.],[0.],[0.],[0.40043545],[0.],[0.],[0.7588555],[0.],[2.9802322e-07],[0.],[0.6858347],[1.4901161e-07],[0.],[0.01618728],[0.],[0.4841617],[6.556511e-07],[0.7643559],[0.6388158],[0.]
55,[0.],[0.00263911],[0.11143598],[1.7881393e-07],[0.00941727],[0.],[0.],[0.],[3.9339066e-05],[0.],[0.],[0.],[0.],[1.3411045e-06],[0.],[0.],[0.],[0.],[0.],[0.],[0.],[0.],[0.25491077],[0.],[2.9802322e-08],[0.20311046],[0.],[0.],[5.6922436e-06],[0.12908787],[0.30935106],[0.],[0.],[0.],[0.],[0.],[0.00151271],[0.],[0.],[1.7881393e-07],[0.],[0.],[0.00095165],[0.],[0.],[0.],[0.],[0.6571506],[0.],[0.],[0.15153718],[0.],[2.9802322e-08],[0.],[0.23838848],[2.9802322e-08],[0.],[0.00014228],[0.],[0.00804847],[0.],[0.06075656],[0.29782706],[0.]
56,[2.3692846e-05],[0.],[0.],[0.],[0.],[0.007388],[9.435415e-05],[0.00209433],[0.],[8.374453e-06],[1.4990568e-05],[0.0016388],[0.00121444],[0.],[0.05640686],[0.00167286],[0.01172441],[0.00129107],[0.3804202],[0.00040933],[0.04890093],[2.0354986e-05],[0.],[0.00159654],[8.940697e-08],[0.],[0.00122678],[0.0252834],[0.],[0.],[0.],[0.05237371],[0.00203359],[1.0222197e-05],[3.874302e-07],[0.00183678],[0.],[0.00171843],[0.27320853],[0.],[8.940697e-08],[0.00367805],[0.],[2.682209e-07],[2.3841858e-07],[7.748604e-07],[2.849102e-05],[0.],[0.00081497],[0.00176811],[0.],[1.0937452e-05],[5.9604645e-08],[0.00369254],[0.],[0.],[0.00450617],[0.],[0.00101107],[0.],[2.9802322e-08],[0.],[0.],[0.00017756]
57,[0.],[0.2248385],[0.7598927],[2.3066998e-05],[0.510304],[0.],[0.],[0.],[0.00429407],[0.],[0.],[0.],[0.],[0.00015259],[0.],[0.],[0.],[0.],[0.],[0.],[0.],[0.],[0.01332524],[0.],[3.874302e-07],[0.725351],[0.],[0.],[0.00062102],[0.75954175],[0.01737407],[0.],[0.],[0.],[5.9604645e-08],[0.],[0.14242068],[0.],[0.],[1.3023615e-05],[1.1920929e-07],[0.],[3.7640333e-05],[2.9802322e-08],[8.940697e-08],[2.9802322e-08],[0.],[0.4139632],[0.],[0.],[0.7607783],[0.],[2.682209e-07],[0.],[0.697783],[1.1920929e-07],[0.],[0.01535156],[0.],[0.47072583],[6.2584877e-07],[0.7662483],[0.6516441],[0.]
58,[0.00095686],[2.9802322e-08],[0.],[4.7683716e-07],[0.],[0.01419267],[0.02380347],[1.1920929e-07],[2.0861626e-07],[0.00041431],[0.00074363],[2.3841858e-07],[1.1920929e-07],[2.3841858e-07],[0.00021207],[0.12624884],[8.046627e-07],[1.1920929e-07],[1.0222197e-05],[0.4830665],[0.00014928],[0.00100815],[0.],[0.5975005],[2.2053719e-06],[0.],[5.9604645e-08],[1.66893e-06],[1.7881393e-07],[0.],[0.],[4.1127205e-06],[0.20374018],[0.00050706],[2.1368265e-05],[1.1920929e-07],[2.9802322e-08],[1.7881393e-07],[2.515316e-05],[5.662441e-07],[2.8014183e-06],[2.9802322e-07],[0.],[1.3589859e-05],[1.2516975e-05],[4.005432e-05],[0.00573203],[0.],[0.64651114],[1.1920929e-07],[0.],[0.00054505],[2.682209e-06],[0.05264646],[0.],[4.3213367e-06],[3.2782555e-07],[0.],[0.488056],[0.],[1.66893e-06],[0.],[0.],[0.07147947]
59,[0.],[0.2033934],[0.01881713],[0.03819758],[0.09723511],[0.],[0.],[0.],[0.73329353],[8.940697e-08],[1.1920929e-07],[0.],[0.],[0.20766169],[0.],[0.],[0.],[0.],[0.],[0.],[0.],[0.],[6.377697e-05],[0.],[0.00075036],[0.01231325],[0.],[0.],[0.5162859],[0.01709959],[8.3476305e-05],[0.],[0.],[8.940697e-08],[6.4373016e-06],[0.],[0.2709425],[0.],[0.],[0.02187419],[0.00021237],[0.],[1.0430813e-06],[2.771616e-06],[4.7683716e-06],[9.536743e-07],[0.],[0.00332335],[0.],[0.],[0.01570398],[1.4901161e-07],[0.00033656],[0.],[0.01078153],[8.419156e-05],[0.],[0.6372379],[0.],[0.12217367],[0.0011659],[0.02932754],[0.00875294],[0.]
60,[2.0861626e-07],[0.006441],[0.00048667],[0.7308816],[0.0027273],[0.],[2.9802322e-08],[0.],[0.09295788],[1.3113022e-06],[2.0861626e-07],[0.],[0.],[0.4811948],[0.],[0.],[0.],[0.],[0.],[0.],[0.],[5.662441e-07],[3.6656857e-06],[0.],[0.15633184],[0.00031644],[0.],[0.],[0.24726218],[0.00044152],[4.351139e-06],[0.],[0.],[6.556511e-07],[0.00077549],[0.],[0.00934771],[0.],[0.],[0.73590577],[0.04979995],[0.],[2.0861626e-07],[0.00070167],[0.00118908],[3.7640333e-05],[5.9604645e-08],[8.46684e-05],[0.],[0.],[0.00040492],[4.7683716e-07],[0.07671511],[0.],[0.00027668],[0.02034792],[0.],[0.04269704],[0.],[0.00352135],[0.22363314],[0.00076658],[0.00022414],[0.]
61,[0.],[0.44003454],[0.0557352],[0.00938874],[0.24896634],[0.],[0.],[0.],[0.6386703],[1.1920929e-07],[0.],[0.],[0.],[0.05886415],[0.],[0.],[0.],[0.],[0.],[0.],[0.],[0.],[0.00019622],[0.],[0.00017917],[0.03695169],[0.],[0.],[0.2030063],[0.05082256],[0.00025687],[0.],[0.],[0.],[2.1755695e-06],[0.],[0.53353727],[0.],[0.],[0.00530851],[5.0723553e-05],[0.],[1.3411045e-06],[8.940697e-07],[1.1622906e-06],[3.2782555e-07],[0.],[0.01015824],[0.],[0.],[0.04680541],[8.940697e-08],[8.037686e-05],[0.],[0.03245547],[2.0116568e-05],[0.],[0.7495246],[0.],[0.29989278],[0.00027847],[0.08507821],[0.02645802],[0.]
62,[0.],[0.38669708],[0.70944905],[5.030632e-05],[0.6937465],[0.],[0.],[0.],[0.00928763],[0.],[0.],[0.],[0.],[0.0003317],[0.],[0.],[0.],[0.],[0.],[0.],[0.],[0.],[0.00805137],[0.],[9.23872e-07],[0.61349124],[0.],[0.],[0.00134912],[0.6889572],[0.01051491],[0.],[0.],[0.],[2.0861626e-07],[0.],[0.26525027],[0.],[0.],[2.8282404e-05],[2.0861626e-07],[0.],[2.2619963e-05],[8.940697e-08],[8.940697e-08],[0.],[0.],[0.29801762],[0.],[0.],[0.6701104],[0.],[3.874302e-07],[0.],[0.5811784],[2.0861626e-07],[0.],[0.03278041],[0.],[0.6590898],[1.4603138e-06],[0.7605417],[0.52924764],[0.]
63,[3.0606985e-05],[1.9729137e-05],[5.632639e-06],[0.00381535],[1.3202429e-05],[1.4901161e-07],[3.1292439e-06],[0.],[0.00011712],[0.00104791],[7.2836876e-05],[0.],[0.],[0.0008601],[0.],[1.1920929e-07],[0.],[0.],[0.],[1.7881393e-07],[0.],[8.612871e-05],[2.9802322e-07],[3.874302e-07],[0.04651946],[4.23193e-06],[0.],[0.],[0.00037524],[5.3048134e-06],[3.5762787e-07],[0.],[1.7881393e-07],[0.00041002],[0.582062],[0.],[2.3454428e-05],[0.],[0.],[0.00558233],[0.11040837],[0.],[2.9802322e-08],[0.66701293],[0.5716922],[0.34589303],[2.413988e-06],[2.0563602e-06],[3.5762787e-07],[0.],[4.6491623e-06],[0.00023818],[0.07014751],[0.],[3.9041042e-06],[0.17488146],[0.],[5.3316355e-05],[2.3841858e-07],[1.0281801e-05],[0.03678694],[6.8843365e-06],[3.5762787e-06],[1.3411045e-06]
